{
  "title": "Untitled Project",
  "description": "",
  "head": "<meta charset=\"UTF-8\" />\n<meta name=\"viewport\" content=\"width=device-width, initial-scale=1.0\" />",
  "htmlAttrs": "lang=\"en\" class=\"\"",
  "tags": [],
  "autoupdate": true,
  "autosave": false,
  "autotest": false,
  "delay": 1500,
  "formatOnsave": false,
  "view": "split",
  "mode": "full",
  "theme": "dark",
  "layout": "responsive",
  "recoverUnsaved": true,
  "showSpacing": false,
  "welcome": true,
  "readonly": false,
  "allowLangChange": true,
  "activeEditor": "markup",
  "markup": {
    "language": "html",
    "content": "<!DOCTYPE html>\r\n<html lang=\"en\">\r\n<head>\r\n    <meta charset=\"UTF-8\">\r\n    <meta name=\"viewport\" content=\"width=device-width, initial-scale=1.0, maximum-scale=1.0, user-scalable=no\">\r\n    <meta name=\"mobile-web-app-capable\" content=\"yes\">\r\n    <meta name=\"apple-mobile-web-app-capable\" content=\"yes\">\r\n    <meta name=\"apple-mobile-web-app-status-bar-style\" content=\"black-translucent\">\r\n    <title>Out Pass Management System</title>\r\n    <style>\r\n        * {\r\n            margin: 0;\r\n            padding: 0;\r\n            box-sizing: border-box;\r\n        }\r\n\r\n        body {\r\n            font-family: -apple-system, BlinkMacSystemFont, 'Segoe UI', Roboto, Oxygen, Ubuntu, Cantarell, sans-serif;\r\n            background: #f5f5f5;\r\n            -webkit-tap-highlight-color: transparent;\r\n        }\r\n\r\n        .hidden {\r\n            display: none !important;\r\n        }\r\n\r\n        /* Login Screen */\r\n        .login-screen {\r\n            min-height: 100vh;\r\n            background: linear-gradient(135deg, #667eea 0%, #764ba2 100%);\r\n            display: flex;\r\n            align-items: center;\r\n            justify-content: center;\r\n            padding: 20px;\r\n        }\r\n\r\n        .login-card {\r\n            background: white;\r\n            border-radius: 20px;\r\n            padding: 40px 30px;\r\n            width: 100%;\r\n            max-width: 400px;\r\n            box-shadow: 0 20px 60px rgba(0,0,0,0.3);\r\n        }\r\n\r\n        .login-header {\r\n            text-align: center;\r\n            margin-bottom: 30px;\r\n        }\r\n\r\n        .login-icon {\r\n            width: 80px;\r\n            height: 80px;\r\n            background: #667eea;\r\n            border-radius: 50%;\r\n            display: flex;\r\n            align-items: center;\r\n            justify-content: center;\r\n            margin: 0 auto 20px;\r\n            font-size: 40px;\r\n        }\r\n\r\n        .login-title {\r\n            font-size: 24px;\r\n            font-weight: bold;\r\n            color: #333;\r\n            margin-bottom: 10px;\r\n        }\r\n\r\n        .input-group {\r\n            margin-bottom: 20px;\r\n        }\r\n\r\n        .input-group label {\r\n            display: block;\r\n            font-size: 14px;\r\n            font-weight: 500;\r\n            color: #555;\r\n            margin-bottom: 8px;\r\n        }\r\n\r\n        .input-group input, .input-group select, .input-group textarea {\r\n            width: 100%;\r\n            padding: 12px 15px;\r\n            border: 2px solid #e0e0e0;\r\n            border-radius: 10px;\r\n            font-size: 16px;\r\n            transition: border-color 0.3s;\r\n        }\r\n\r\n        .input-group input:focus, .input-group select:focus, .input-group textarea:focus {\r\n            outline: none;\r\n            border-color: #667eea;\r\n        }\r\n\r\n        .btn {\r\n            width: 100%;\r\n            padding: 14px;\r\n            border: none;\r\n            border-radius: 10px;\r\n            font-size: 16px;\r\n            font-weight: 600;\r\n            cursor: pointer;\r\n            transition: all 0.3s;\r\n            margin-bottom: 10px;\r\n        }\r\n\r\n        .btn-primary {\r\n            background: #667eea;\r\n            color: white;\r\n        }\r\n\r\n        .btn-primary:active {\r\n            background: #5568d3;\r\n            transform: scale(0.98);\r\n        }\r\n\r\n        .btn-success {\r\n            background: #10b981;\r\n            color: white;\r\n        }\r\n\r\n        .btn-success:active {\r\n            background: #059669;\r\n        }\r\n\r\n        .btn-danger {\r\n            background: #ef4444;\r\n            color: white;\r\n        }\r\n\r\n        .btn-danger:active {\r\n            background: #dc2626;\r\n        }\r\n\r\n        .error-msg {\r\n            background: #fee;\r\n            color: #c33;\r\n            padding: 10px;\r\n            border-radius: 8px;\r\n            font-size: 14px;\r\n            margin-bottom: 15px;\r\n            text-align: center;\r\n        }\r\n\r\n        .demo-credentials {\r\n            background: #f8f9fa;\r\n            padding: 15px;\r\n            border-radius: 10px;\r\n            margin-top: 20px;\r\n            font-size: 13px;\r\n        }\r\n\r\n        .demo-credentials p {\r\n            margin: 5px 0;\r\n            color: #666;\r\n        }\r\n\r\n        /* Header */\r\n        .header {\r\n            background: white;\r\n            padding: 15px 20px;\r\n            box-shadow: 0 2px 10px rgba(0,0,0,0.1);\r\n            display: flex;\r\n            justify-content: space-between;\r\n            align-items: center;\r\n            position: sticky;\r\n            top: 0;\r\n            z-index: 100;\r\n        }\r\n\r\n        .header-title {\r\n            font-size: 20px;\r\n            font-weight: bold;\r\n            color: #333;\r\n        }\r\n\r\n        .header-user {\r\n            font-size: 14px;\r\n            color: #666;\r\n        }\r\n\r\n        /* Stats Cards */\r\n        .stats-grid {\r\n            display: grid;\r\n            grid-template-columns: repeat(auto-fit, minmax(150px, 1fr));\r\n            gap: 15px;\r\n            padding: 20px;\r\n        }\r\n\r\n        .stat-card {\r\n            background: white;\r\n            padding: 20px;\r\n            border-radius: 15px;\r\n            box-shadow: 0 2px 10px rgba(0,0,0,0.05);\r\n        }\r\n\r\n        .stat-label {\r\n            font-size: 12px;\r\n            color: #888;\r\n            margin-bottom: 5px;\r\n        }\r\n\r\n        .stat-value {\r\n            font-size: 28px;\r\n            font-weight: bold;\r\n        }\r\n\r\n        .stat-value.blue { color: #667eea; }\r\n        .stat-value.green { color: #10b981; }\r\n        .stat-value.orange { color: #f59e0b; }\r\n\r\n        /* Content */\r\n        .content {\r\n            padding: 20px;\r\n        }\r\n\r\n        .card {\r\n            background: white;\r\n            border-radius: 15px;\r\n            padding: 20px;\r\n            margin-bottom: 20px;\r\n            box-shadow: 0 2px 10px rgba(0,0,0,0.05);\r\n        }\r\n\r\n        .card-header {\r\n            display: flex;\r\n            justify-content: space-between;\r\n            align-items: center;\r\n            margin-bottom: 20px;\r\n        }\r\n\r\n        .card-title {\r\n            font-size: 18px;\r\n            font-weight: bold;\r\n            color: #333;\r\n        }\r\n\r\n        /* Table */\r\n        .table-container {\r\n            overflow-x: auto;\r\n        }\r\n\r\n        table {\r\n            width: 100%;\r\n            border-collapse: collapse;\r\n        }\r\n\r\n        th {\r\n            background: #f8f9fa;\r\n            padding: 12px;\r\n            text-align: left;\r\n            font-size: 12px;\r\n            color: #666;\r\n            font-weight: 600;\r\n            text-transform: uppercase;\r\n        }\r\n\r\n        td {\r\n            padding: 12px;\r\n            border-bottom: 1px solid #f0f0f0;\r\n            font-size: 14px;\r\n        }\r\n\r\n        .badge {\r\n            display: inline-block;\r\n            padding: 4px 10px;\r\n            border-radius: 12px;\r\n            font-size: 12px;\r\n            font-weight: 600;\r\n        }\r\n\r\n        .badge-admin { background: #ede9fe; color: #7c3aed; }\r\n        .badge-teacher { background: #dbeafe; color: #2563eb; }\r\n        .badge-security { background: #d1fae5; color: #059669; }\r\n        .badge-approved { background: #d1fae5; color: #059669; }\r\n        .badge-checkedout { background: #fef3c7; color: #d97706; }\r\n        .badge-checkedin { background: #dbeafe; color: #2563eb; }\r\n\r\n        /* Pass Cards */\r\n        .pass-card {\r\n            background: white;\r\n            border: 2px solid #e5e7eb;\r\n            border-radius: 12px;\r\n            padding: 15px;\r\n            margin-bottom: 15px;\r\n        }\r\n\r\n        .pass-card.approved {\r\n            background: #f0fdf4;\r\n            border-color: #86efac;\r\n        }\r\n\r\n        .pass-header {\r\n            display: flex;\r\n            justify-content: space-between;\r\n            align-items: start;\r\n            margin-bottom: 10px;\r\n        }\r\n\r\n        .pass-student {\r\n            font-size: 18px;\r\n            font-weight: bold;\r\n            color: #333;\r\n        }\r\n\r\n        .pass-class {\r\n            font-size: 14px;\r\n            color: #666;\r\n        }\r\n\r\n        .pass-details {\r\n            font-size: 14px;\r\n            line-height: 1.8;\r\n            color: #555;\r\n        }\r\n\r\n        .pass-details strong {\r\n            color: #333;\r\n            font-weight: 600;\r\n        }\r\n\r\n        /* Empty State */\r\n        .empty-state {\r\n            text-align: center;\r\n            padding: 40px 20px;\r\n            color: #999;\r\n        }\r\n\r\n        .empty-icon {\r\n            font-size: 60px;\r\n            margin-bottom: 15px;\r\n            opacity: 0.3;\r\n        }\r\n\r\n        /* Buttons */\r\n        .btn-small {\r\n            padding: 8px 16px;\r\n            font-size: 14px;\r\n            border-radius: 8px;\r\n        }\r\n\r\n        .btn-outline {\r\n            background: white;\r\n            border: 2px solid #667eea;\r\n            color: #667eea;\r\n        }\r\n\r\n        .link-btn {\r\n            background: none;\r\n            border: none;\r\n            color: #667eea;\r\n            text-decoration: underline;\r\n            cursor: pointer;\r\n            padding: 5px;\r\n            font-size: 14px;\r\n        }\r\n\r\n        /* Mobile optimizations */\r\n        @media (max-width: 768px) {\r\n            .header-title {\r\n                font-size: 16px;\r\n            }\r\n            \r\n            .card {\r\n                padding: 15px;\r\n            }\r\n            \r\n            table {\r\n                font-size: 13px;\r\n            }\r\n            \r\n            th, td {\r\n                padding: 8px;\r\n            }\r\n        }\r\n\r\n        /* PWA Install prompt */\r\n        .install-prompt {\r\n            position: fixed;\r\n            bottom: 20px;\r\n            left: 20px;\r\n            right: 20px;\r\n            background: #333;\r\n            color: white;\r\n            padding: 15px;\r\n            border-radius: 12px;\r\n            display: flex;\r\n            justify-content: space-between;\r\n            align-items: center;\r\n            box-shadow: 0 4px 20px rgba(0,0,0,0.3);\r\n            z-index: 1000;\r\n        }\r\n\r\n        .install-prompt button {\r\n            background: white;\r\n            color: #333;\r\n            border: none;\r\n            padding: 8px 16px;\r\n            border-radius: 6px;\r\n            font-weight: 600;\r\n            cursor: pointer;\r\n        }\r\n    </style>\r\n</head>\r\n<body>\r\n    <!-- Login Screen -->\r\n    <div id=\"loginScreen\" class=\"login-screen\">\r\n        <div class=\"login-card\">\r\n            <div class=\"login-header\">\r\n                <div class=\"login-icon\">👤</div>\r\n                <h1 class=\"login-title\">Out Pass System</h1>\r\n                <p style=\"color: #666;\">Login to continue</p>\r\n            </div>\r\n            \r\n            <div id=\"loginError\" class=\"error-msg hidden\"></div>\r\n            \r\n            <div class=\"input-group\">\r\n                <label>Username</label>\r\n                <input type=\"text\" id=\"username\" placeholder=\"Enter username\">\r\n            </div>\r\n            \r\n            <div class=\"input-group\">\r\n                <label>Password</label>\r\n                <input type=\"password\" id=\"password\" placeholder=\"Enter password\">\r\n            </div>\r\n            \r\n            <button class=\"btn btn-primary\" onclick=\"login()\">Login</button>\r\n            \r\n            <div class=\"demo-credentials\">\r\n                <p style=\"font-weight: 600; margin-bottom: 10px;\">Demo Credentials:</p>\r\n                <p>Admin: admin / admin123</p>\r\n                <p>Teacher: teacher1 / teacher123</p>\r\n                <p>Security: security1 / security123</p>\r\n            </div>\r\n        </div>\r\n    </div>\r\n\r\n    <!-- Admin Panel -->\r\n    <div id=\"adminPanel\" class=\"hidden\">\r\n        <div class=\"header\">\r\n            <div>\r\n                <div class=\"header-title\">Admin Panel</div>\r\n                <div class=\"header-user\" id=\"adminUser\"></div>\r\n            </div>\r\n            <button class=\"btn btn-danger btn-small\" onclick=\"logout()\">Logout</button>\r\n        </div>\r\n        \r\n        <div class=\"stats-grid\">\r\n            <div class=\"stat-card\">\r\n                <div class=\"stat-label\">Total Users</div>\r\n                <div class=\"stat-value blue\" id=\"totalUsers\">0</div>\r\n            </div>\r\n            <div class=\"stat-card\">\r\n                <div class=\"stat-label\">Total Passes</div>\r\n                <div class=\"stat-value green\" id=\"totalPasses\">0</div>\r\n            </div>\r\n            <div class=\"stat-card\">\r\n                <div class=\"stat-label\">Approved</div>\r\n                <div class=\"stat-value orange\" id=\"approvedPasses\">0</div>\r\n            </div>\r\n        </div>\r\n        \r\n        <div class=\"content\">\r\n            <div class=\"card\">\r\n                <div class=\"card-header\">\r\n                    <h2 class=\"card-title\">User Management</h2>\r\n                    <button class=\"btn btn-primary btn-small\" onclick=\"toggleAddUser()\">+ Add User</button>\r\n                </div>\r\n                \r\n                <div id=\"addUserForm\" class=\"hidden\" style=\"margin-bottom: 20px; padding: 20px; background: #f8f9fa; border-radius: 10px;\">\r\n                    <div class=\"input-group\">\r\n                        <label>Name</label>\r\n                        <input type=\"text\" id=\"newName\" placeholder=\"Full Name\">\r\n                    </div>\r\n                    <div class=\"input-group\">\r\n                        <label>Username</label>\r\n                        <input type=\"text\" id=\"newUsername\" placeholder=\"Username\">\r\n                    </div>\r\n                    <div class=\"input-group\">\r\n                        <label>Password</label>\r\n                        <input type=\"password\" id=\"newPassword\" placeholder=\"Password\">\r\n                    </div>\r\n                    <div class=\"input-group\">\r\n                        <label>Role</label>\r\n                        <select id=\"newRole\">\r\n                            <option value=\"teacher\">Teacher</option>\r\n                            <option value=\"security\">Security</option>\r\n                            <option value=\"admin\">Admin</option>\r\n                        </select>\r\n                    </div>\r\n                    <button class=\"btn btn-success\" onclick=\"addUser()\">Add User</button>\r\n                </div>\r\n                \r\n                <div class=\"table-container\">\r\n                    <table>\r\n                        <thead>\r\n                            <tr>\r\n                                <th>Name</th>\r\n                                <th>Username</th>\r\n                                <th>Role</th>\r\n                                <th>Action</th>\r\n                            </tr>\r\n                        </thead>\r\n                        <tbody id=\"usersTable\"></tbody>\r\n                    </table>\r\n                </div>\r\n            </div>\r\n        </div>\r\n    </div>\r\n\r\n            <!-- Teacher Panel -->\r\n    <div id=\"teacherPanel\" class=\"hidden\">\r\n        <div class=\"header\">\r\n            <div>\r\n                <div class=\"header-title\">Teacher Panel</div>\r\n                <div class=\"header-user\" id=\"teacherUser\"></div>\r\n            </div>\r\n            <button class=\"btn btn-danger btn-small\" onclick=\"logout()\">Logout</button>\r\n        </div>\r\n        \r\n        <div class=\"content\">\r\n            <div class=\"card\">\r\n                <div class=\"card-header\">\r\n                    <h2 class=\"card-title\">Create Out Pass</h2>\r\n                    <button class=\"btn btn-primary btn-small\" onclick=\"toggleCreatePass()\">+ New Pass</button>\r\n                </div>\r\n                \r\n                <div id=\"createPassForm\" class=\"hidden\" style=\"margin-bottom: 20px;\">\r\n                    <div class=\"input-group\">\r\n                        <label>Select Class</label>\r\n                        <select id=\"classSelect\" onchange=\"filterStudentsByClass()\">\r\n                            <option value=\"\">All Classes</option>\r\n                            <option value=\"U1\">U1 - Secondary First Year</option>\r\n                            <option value=\"U2\">U2 - Secondary Second Year</option>\r\n                            <option value=\"U3\">U3 - Secondary Third Year</option>\r\n                            <option value=\"U4\">U4 - Secondary Fourth Year</option>\r\n                            <option value=\"U5\">U5 - Secondary Final Year</option>\r\n                            <option value=\"U6\">U6 - Senior Secondary First Year</option>\r\n                            <option value=\"U7\">U7 - Senior Secondary Final Year</option>\r\n                        </select>\r\n                    </div>\r\n                    <div class=\"input-group\">\r\n                        <label>Select Student</label>\r\n                        <select id=\"studentSelect\">\r\n                            <option value=\"\">Choose a student</option>\r\n                        </select>\r\n                    </div>\r\n                    <div class=\"input-group\">\r\n                        <label>Reason</label>\r\n                        <input type=\"text\" id=\"passReason\" placeholder=\"e.g., Medical appointment\">\r\n                    </div>\r\n                    <div class=\"input-group\">\r\n                        <label>Destination</label>\r\n                        <input type=\"text\" id=\"passDestination\" placeholder=\"e.g., City Hospital\">\r\n                    </div>\r\n                    <div class=\"input-group\">\r\n                        <label>Out Date & Time</label>\r\n                        <input type=\"datetime-local\" id=\"passOutTime\">\r\n                    </div>\r\n                    <div class=\"input-group\">\r\n                        <label>Expected Return Time</label>\r\n                        <input type=\"datetime-local\" id=\"passReturnTime\">\r\n                    </div>\r\n                    <button class=\"btn btn-success\" onclick=\"createPass()\">Approve & Create Pass</button>\r\n                </div>\r\n            </div>\r\n            \r\n            <div class=\"card\">\r\n                <h2 class=\"card-title\" style=\"margin-bottom: 15px;\">My Approved Passes</h2>\r\n                <div id=\"teacherPasses\"></div>\r\n            </div>\r\n        </div>\r\n    </div>\r\n\r\n    <!-- Security Panel -->\r\n    <div id=\"securityPanel\" class=\"hidden\">\r\n        <div class=\"header\">\r\n            <div>\r\n                <div class=\"header-title\">Security Panel</div>\r\n                <div class=\"header-user\" id=\"securityUser\"></div>\r\n            </div>\r\n            <button class=\"btn btn-danger btn-small\" onclick=\"logout()\">Logout</button>\r\n        </div>\r\n        \r\n        <div class=\"content\">\r\n            <div class=\"card\">\r\n                <div class=\"card-header\">\r\n                    <h2 class=\"card-title\">Filter by Class</h2>\r\n                    <select id=\"securityClassFilter\" onchange=\"renderSecurityPasses()\" style=\"padding: 8px; border-radius: 8px; border: 2px solid #e0e0e0;\">\r\n                        <option value=\"\">All Classes</option>\r\n                        <option value=\"U1\">U1 - Secondary First Year</option>\r\n                        <option value=\"U2\">U2 - Secondary Second Year</option>\r\n                        <option value=\"U3\">U3 - Secondary Third Year</option>\r\n                        <option value=\"U4\">U4 - Secondary Fourth Year</option>\r\n                        <option value=\"U5\">U5 - Secondary Final Year</option>\r\n                        <option value=\"U6\">U6 - Senior Secondary First Year</option>\r\n                        <option value=\"U7\">U7 - Senior Secondary Final Year</option>\r\n                    </select>\r\n                </div>\r\n            </div>\r\n\r\n            <div class=\"card\">\r\n                <div class=\"card-header\">\r\n                    <h2 class=\"card-title\">Approved Out Passes</h2>\r\n                    <div style=\"color: #10b981; font-weight: 600;\">\r\n                        ✓ <span id=\"activePassesCount\">0</span> Active\r\n                    </div>\r\n                </div>\r\n                <div id=\"securityPasses\"></div>\r\n            </div>\r\n        </div>\r\n    </div>\r\n\r\n    <script>\r\n        // Data Storage\r\n        let currentUser = null;\r\n        let users = [\r\n            { id: 1, username: 'admin', password: 'admin123', role: 'admin', name: 'Admin User' },\r\n            { id: 2, username: 'teacher1', password: 'teacher123', role: 'teacher', name: 'John Teacher' },\r\n            { id: 3, username: 'security1', password: 'security123', role: 'security', name: 'Mike Security' }\r\n        ];\r\n        let passes = [];\r\n        let students = [\r\n            // U1 - Secondary First Year\r\n            { id: 1, name: 'MD AZMAT ANSARI', class: 'U1', rollNo: 'U1627' },\r\n            { id: 2, name: 'MOHAMMED FAHEEM PATHAN', class: 'U1', rollNo: 'U1637' },\r\n            { id: 3, name: 'ANAS MAHBOOB', class: 'U1', rollNo: 'U1630' },\r\n            { id: 4, name: 'MOHAMMAD ZILAN RAZA MULTANI', class: 'U1', rollNo: 'U1631' },\r\n            { id: 5, name: 'AAWESH RAZA', class: 'U1', rollNo: 'U1650' },\r\n            { id: 6, name: 'ZAINI DAHLAN', class: 'U1', rollNo: 'U1645' },\r\n            { id: 7, name: 'ANIS RAJA', class: 'U1', rollNo: 'U1653' },\r\n            { id: 8, name: 'MD FURQUAN', class: 'U1', rollNo: 'U1636' },\r\n            { id: 9, name: 'MD WASIULLAH', class: 'U1', rollNo: 'U1639' },\r\n            { id: 10, name: 'MOHAMMAD AZAM QADRI', class: 'U1', rollNo: 'U1648' },\r\n            { id: 11, name: 'MO. AHAMAD', class: 'U1', rollNo: 'U1649' },\r\n            { id: 12, name: 'MOHAMMAD WAQARUL QADRI', class: 'U1', rollNo: 'U1666' },\r\n            { id: 13, name: 'AMINUL HUQ', class: 'U1', rollNo: 'U1628' },\r\n            { id: 14, name: 'SHAHADAT BABU', class: 'U1', rollNo: 'U1633' },\r\n            { id: 15, name: 'MD SIPTAN RAJA', class: 'U1', rollNo: 'U1646' },\r\n            { id: 16, name: 'MUHAMMED JUNAIS', class: 'U1', rollNo: 'U1664' },\r\n            { id: 17, name: 'FIDAUL MUSTAFA', class: 'U1', rollNo: 'U1670' },\r\n            { id: 18, name: 'FAIZANE MUSTAFA', class: 'U1', rollNo: 'U1652' },\r\n            { id: 19, name: 'AAMIR AZIZ', class: 'U1', rollNo: 'U1635' },\r\n            { id: 20, name: 'ABU HAMZA', class: 'U1', rollNo: 'U1642' },\r\n            { id: 21, name: 'MOHD AFJAL', class: 'U1', rollNo: 'U1644' },\r\n            { id: 22, name: 'MUHAMMED NIHAL ALI', class: 'U1', rollNo: 'U1663' },\r\n            { id: 23, name: 'MD ASIF RAZA', class: 'U1', rollNo: 'U1671' },\r\n            { id: 24, name: 'MD CHAND BABU', class: 'U1', rollNo: 'U1632' },\r\n            { id: 25, name: 'MOHAMMAD JAIYADUR RABBANI', class: 'U1', rollNo: 'U1662' },\r\n            { id: 26, name: 'MOHAMMAD FARHAN', class: 'U1', rollNo: 'U1647' },\r\n            { id: 27, name: 'ARIZ HAMZA', class: 'U1', rollNo: 'U1654' },\r\n            { id: 28, name: 'ASHWAD ANSARI', class: 'U1', rollNo: 'U1659' },\r\n            { id: 29, name: 'AAZAR ALI', class: 'U1', rollNo: 'U1669' },\r\n            { id: 30, name: 'FAIZAN', class: 'U1', rollNo: 'U1634' },\r\n            { id: 31, name: 'MISHBAUL HAQ', class: 'U1', rollNo: 'U1629' },\r\n            { id: 32, name: 'MOHAMMAD REHAN', class: 'U1', rollNo: 'U1656' },\r\n            { id: 33, name: 'SIFTANIN RZA', class: 'U1', rollNo: 'U1661' },\r\n            { id: 34, name: 'TAYAL TUFAIL', class: 'U1', rollNo: 'U1665' },\r\n            { id: 35, name: 'MO REHAN RAZA', class: 'U1', rollNo: 'U1640' },\r\n            { id: 36, name: 'MOHAMMAD RUMAIZ QASIM', class: 'U1', rollNo: 'U1651' },\r\n            { id: 37, name: 'MD REHAN REJA MANSURI', class: 'U1', rollNo: 'U1657' },\r\n            { id: 38, name: 'TATHEER', class: 'U1', rollNo: 'U1667' },\r\n            { id: 39, name: 'AFFAN REZA', class: 'U1', rollNo: 'U1658' },\r\n            { id: 40, name: 'MOHD MOHIUDDIN', class: 'U1', rollNo: 'U1655' },\r\n            { id: 41, name: 'ZEYAD ALAM', class: 'U1', rollNo: 'U1660' },\r\n            { id: 42, name: 'ANAS KHAN', class: 'U1', rollNo: 'U1668' },\r\n            { id: 43, name: 'MOHD ASAD', class: 'U1', rollNo: 'U1641' },\r\n            { id: 44, name: 'MOHAMMED AZHAN', class: 'U1', rollNo: 'U1643' },\r\n            // U2 - Secondary Second Year\r\n            { id: 45, name: 'MD ASHAD AQEEL ANSARI', class: 'U2', rollNo: 'U1596' },\r\n            { id: 46, name: 'MOHAMMAD ROOH FAIZ', class: 'U2', rollNo: 'U1552' },\r\n            { id: 47, name: 'SAMIR ANSARI', class: 'U2', rollNo: 'U1604' },\r\n            { id: 48, name: 'MD TANVIR', class: 'U2', rollNo: 'U1569' },\r\n            { id: 49, name: 'ABU SHAHMA', class: 'U2', rollNo: 'U1588' },\r\n            { id: 50, name: 'SHAYAN HUSSAIN', class: 'U2', rollNo: 'U1597' },\r\n            { id: 51, name: 'FAIJAN ALI', class: 'U2', rollNo: 'U1572' },\r\n            { id: 52, name: 'MD BILAL KHAN', class: 'U2', rollNo: 'U1592' },\r\n            { id: 53, name: 'SAJID HUSAIN', class: 'U2', rollNo: 'U1579' },\r\n            { id: 54, name: 'MD SAID ANSARI', class: 'U2', rollNo: 'U1570' },\r\n            { id: 55, name: 'HIFZUR RAHMAN', class: 'U2', rollNo: 'U1577' },\r\n            { id: 56, name: 'HABIBULLAH', class: 'U2', rollNo: 'U1578' },\r\n            { id: 57, name: 'MD IJAMAMUL ANSARI', class: 'U2', rollNo: 'U1584' },\r\n            { id: 58, name: 'GULAM MOBASSIR', class: 'U2', rollNo: 'U1585' },\r\n            { id: 59, name: 'MD ASHRAF ANSARI', class: 'U2', rollNo: 'U1590' },\r\n            { id: 60, name: 'MD IRFAN KHAN', class: 'U2', rollNo: 'U1583' },\r\n            { id: 61, name: 'SIKANDAR ALAM', class: 'U2', rollNo: 'U1591' },\r\n            { id: 62, name: 'SAGIR RAZA', class: 'U2', rollNo: 'U1593' },\r\n            { id: 63, name: 'SAEEDUR-RAHMAN', class: 'U2', rollNo: 'U1587' },\r\n            { id: 64, name: 'MOHAMMED KAIF', class: 'U2', rollNo: 'U1609' },\r\n            { id: 65, name: 'GULAM MOJAMMIL', class: 'U2', rollNo: 'U1603' },\r\n            { id: 66, name: 'ABU KHOZAIMA', class: 'U2', rollNo: 'U1580' },\r\n            { id: 67, name: 'MD ANAS', class: 'U2', rollNo: 'U1601' },\r\n            { id: 68, name: 'TAHSEEN RAZA', class: 'U2', rollNo: 'U1520' },\r\n            { id: 69, name: 'MD ABU BAKAR', class: 'U2', rollNo: 'U1575' },\r\n            { id: 70, name: 'MD FAIZAN ALI', class: 'U2', rollNo: 'U1594' },\r\n            { id: 71, name: 'MOHD ASHRAF', class: 'U2', rollNo: 'U1595' },\r\n            { id: 72, name: 'MD ZIYAULLAH', class: 'U2', rollNo: 'U1600' },\r\n            { id: 73, name: 'SABAULLAH', class: 'U2', rollNo: 'U1567' },\r\n            { id: 74, name: 'MD SOFIYAN RAZA FIROZ', class: 'U2', rollNo: 'U1542' },\r\n            { id: 75, name: 'MD MOSAHID KHAN', class: 'U2', rollNo: 'U1568' },\r\n            { id: 76, name: 'HAMID RAZA', class: 'U2', rollNo: 'U1571' },\r\n            { id: 77, name: 'JISHAN RAZA', class: 'U2', rollNo: 'U1573' },\r\n            { id: 78, name: 'SUHEL RAZA', class: 'U2', rollNo: 'U1581' },\r\n            { id: 79, name: 'ZEESHAN RAZA', class: 'U2', rollNo: 'U1582' },\r\n            { id: 80, name: 'ZIKRULLAH FIRDAUSI', class: 'U2', rollNo: 'U1586' },\r\n            { id: 81, name: 'NURULAIN RAJA', class: 'U2', rollNo: 'U1589' },\r\n            { id: 82, name: 'ZEESHAN IKRAM VADHARIYA', class: 'U2', rollNo: 'U1598' },\r\n            { id: 83, name: 'SYED AMMAR HUSSAIN', class: 'U2', rollNo: 'U1599' },\r\n            { id: 84, name: 'MD MOKDAS ALAM', class: 'U2', rollNo: 'U1605' },\r\n            // U3 - Secondary Third Year\r\n            { id: 85, name: 'AMIR RAZA', class: 'U3', rollNo: 'U1530' },\r\n            { id: 86, name: 'ARIF IQBAL', class: 'U3', rollNo: 'U1518' },\r\n            { id: 87, name: 'SAKLAIN RAZA', class: 'U3', rollNo: 'U1514' },\r\n            { id: 88, name: 'MOHAMMED', class: 'U3', rollNo: 'U1533' },\r\n            { id: 89, name: 'MD SIBTEN RAJA', class: 'U3', rollNo: 'U1522' },\r\n            { id: 90, name: 'MD WAQID RAZA', class: 'U3', rollNo: 'U1528' },\r\n            { id: 91, name: 'MD HUSSAIN AKHTAR RAZA', class: 'U3', rollNo: 'U1547' },\r\n            { id: 92, name: 'SHAHANSHAH ALAM', class: 'U3', rollNo: 'U1515' },\r\n            { id: 93, name: 'SYED DANIYAL HASAN', class: 'U3', rollNo: 'U1549' },\r\n            { id: 94, name: 'MOHD TANVEER', class: 'U3', rollNo: 'U1519' },\r\n            { id: 95, name: 'MD ARSALAN RAZA', class: 'U3', rollNo: 'U1451' },\r\n            { id: 96, name: 'MINHAJ ALAM', class: 'U3', rollNo: 'U1521' },\r\n            { id: 97, name: 'MD OWAIS RAZA', class: 'U3', rollNo: 'U1524' },\r\n            { id: 98, name: 'MD MOJAHIR ALI', class: 'U3', rollNo: 'U1610' },\r\n            { id: 99, name: 'MOHAMMAD AATIF', class: 'U3', rollNo: 'U1484' },\r\n            { id: 100, name: 'SYED ASJAD IQBAL', class: 'U3', rollNo: 'U1534' },\r\n            { id: 101, name: 'MD LARIAB', class: 'U3', rollNo: 'U1525' },\r\n            { id: 102, name: 'MD ANAS', class: 'U3', rollNo: 'U1536' },\r\n            { id: 103, name: 'MOHD HARIS', class: 'U3', rollNo: 'U1539' },\r\n            { id: 104, name: 'MD MOINUDDIN', class: 'U3', rollNo: 'U1553' },\r\n            { id: 105, name: 'MOHD ALI', class: 'U3', rollNo: 'U1541' },\r\n            { id: 106, name: 'HAMMAD RAZA SHAIKH', class: 'U3', rollNo: 'U1483' },\r\n            { id: 107, name: 'SUFIYAN AHMAD KARIMI', class: 'U3', rollNo: 'U1517' },\r\n            { id: 108, name: 'MD ADNAN', class: 'U3', rollNo: 'U1532' },\r\n            { id: 109, name: 'MD SAKIR SHAIKH', class: 'U3', rollNo: 'U1480' },\r\n            { id: 110, name: 'SHAHNAWAJ HUSSAIN', class: 'U3', rollNo: 'U1526' },\r\n            { id: 111, name: 'SHAHNAWAZ NOUSHAD', class: 'U3', rollNo: 'U1537' },\r\n            { id: 112, name: 'FAIZ RAJA', class: 'U3', rollNo: 'U1523' },\r\n            { id: 113, name: 'FARAZ KHAN', class: 'U3', rollNo: 'U1548' },\r\n            { id: 114, name: 'MOHAMMAD ANSARI', class: 'U3', rollNo: 'U1550' },\r\n            { id: 115, name: 'SAHAWAZ ANSARI', class: 'U3', rollNo: 'U1516' },\r\n            { id: 116, name: 'MD AZMAL REHAN', class: 'U3', rollNo: 'U1545' },\r\n            { id: 117, name: 'MD. ALMOTALI', class: 'U3', rollNo: 'U1555' },\r\n            { id: 118, name: 'MD MOHIBUL', class: 'U3', rollNo: 'U1535' },\r\n            { id: 119, name: 'MD FARHAN HUSSAIN', class: 'U3', rollNo: 'U1441' },\r\n            { id: 120, name: 'MD MOGISH RAZA', class: 'U3', rollNo: 'U1469' },\r\n            { id: 121, name: 'MOHD. ROMAAN', class: 'U3', rollNo: 'U1529' },\r\n            { id: 122, name: 'TANZIRUL RAHMAN', class: 'U3', rollNo: 'U1531' },\r\n            { id: 123, name: 'HASNAIN AHMED SHEIKH', class: 'U3', rollNo: 'U1540' },\r\n            { id: 124, name: 'ATHAR RZA', class: 'U3', rollNo: 'U1554' },\r\n            // U4 - Secondary Fourth Year\r\n            { id: 125, name: 'AHSAN ANSARI', class: 'U4', rollNo: 'U1444' },\r\n            { id: 126, name: 'HASHMATH RAZA', class: 'U4', rollNo: 'U1457' },\r\n            { id: 127, name: 'MOHD HUZAIFA ANSARI', class: 'U4', rollNo: 'U1473' },\r\n            { id: 128, name: 'MD MUSTUPHA RAIN', class: 'U4', rollNo: 'U1476' },\r\n            { id: 129, name: 'MD NEMATULLAH', class: 'U4', rollNo: 'U1343' },\r\n            { id: 130, name: 'SHAHIL ALI', class: 'U4', rollNo: 'U1442' },\r\n            { id: 131, name: 'ANSARI MUHAMMED AHMED', class: 'U4', rollNo: 'U1403' },\r\n            { id: 132, name: 'MD MUDASSIR', class: 'U4', rollNo: 'U1372' },\r\n            { id: 133, name: 'MD ABDUL ALAM RAIN', class: 'U4', rollNo: 'U1439' },\r\n            { id: 134, name: 'MD YUSUF ALI SHAIKH', class: 'U4', rollNo: 'U1458' },\r\n            { id: 135, name: 'MD ZULQARNAIN SHAIKH', class: 'U4', rollNo: 'U1440' },\r\n            { id: 136, name: 'MOKARRAM FAIZ', class: 'U4', rollNo: 'U1452' },\r\n            { id: 137, name: 'SYED ABDUL AHAD SYED', class: 'U4', rollNo: 'U1468' },\r\n            { id: 138, name: 'ATIF NEYAZ SHAIKH', class: 'U4', rollNo: 'U1437' },\r\n            { id: 139, name: 'SHAHBAZ ANSARI ANSARI', class: 'U4', rollNo: 'U1448' },\r\n            { id: 140, name: 'MOHD ANAS ANSARI', class: 'U4', rollNo: 'U1478' },\r\n            { id: 141, name: 'ZEESHAN KHAN', class: 'U4', rollNo: 'U1374' },\r\n            { id: 142, name: 'AHMAD RAJA', class: 'U4', rollNo: 'U1402' },\r\n            { id: 143, name: 'MOHD FAIZAN', class: 'U4', rollNo: 'U1376' },\r\n            { id: 144, name: 'MD ARIF KHAN', class: 'U4', rollNo: 'U1381' },\r\n            { id: 145, name: 'JUNAID ANSARI', class: 'U4', rollNo: 'U1438' },\r\n            { id: 146, name: 'SHAMSUDDIN HASHIMI', class: 'U4', rollNo: 'U1479' },\r\n            { id: 147, name: 'GULAM YAZDANI', class: 'U4', rollNo: 'U1481' },\r\n            { id: 148, name: 'MD TAUSIF RAZA ANSARI', class: 'U4', rollNo: 'U1459' },\r\n            { id: 149, name: 'MERAJ KHAN', class: 'U4', rollNo: 'U1466' },\r\n            { id: 150, name: 'AMAN ARSHAD', class: 'U4', rollNo: 'U1450' },\r\n            { id: 151, name: 'MOHD KAISH ANSARI', class: 'U4', rollNo: 'U1482' },\r\n            { id: 152, name: 'MD ESMATHULLAH', class: 'U4', rollNo: 'U1342' },\r\n            { id: 153, name: 'FARHAN RAZA ANSARI', class: 'U4', rollNo: 'U1456' },\r\n            { id: 154, name: 'HAMJA ALI', class: 'U4', rollNo: 'U1474' },\r\n            { id: 155, name: 'MOHAMMAD AHAD ABBASI', class: 'U4', rollNo: 'U1367' },\r\n            { id: 156, name: 'MUHAMMAD SHUAIB', class: 'U4', rollNo: 'U1382' },\r\n            { id: 157, name: 'MUBASHIR RAZA', class: 'U4', rollNo: 'U1470' },\r\n            { id: 158, name: 'MD HASAN', class: 'U4', rollNo: 'U1471' },\r\n            // U5 - Secondary Final Year\r\n            { id: 159, name: 'SHAFEEQURRAHMAN', class: 'U5', rollNo: 'U1362' },\r\n            { id: 160, name: 'MD RIZWAN AHMED', class: 'U5', rollNo: 'U1387' },\r\n            { id: 161, name: 'FAIZ MOHAMMED PATHAN', class: 'U5', rollNo: 'U1395' },\r\n            { id: 162, name: 'MD ASHAR ALI', class: 'U5', rollNo: 'U1380' },\r\n            { id: 163, name: 'HASAN RAZA', class: 'U5', rollNo: 'U1383' },\r\n            { id: 164, name: 'JAUHAR TANVIR', class: 'U5', rollNo: 'U1365' },\r\n            { id: 165, name: 'FAHAD AHMED', class: 'U5', rollNo: 'N/A' },\r\n            { id: 166, name: 'MD RAHMATHULLAH ANSARI', class: 'U5', rollNo: 'U1363' },\r\n            { id: 167, name: 'AVESH', class: 'U5', rollNo: 'N/A' },\r\n            { id: 168, name: 'ARIF HUSSAIN', class: 'U5', rollNo: 'U1400' },\r\n            { id: 169, name: 'ARMAN KHAN', class: 'U5', rollNo: 'U1351' },\r\n            { id: 170, name: 'SHEKH NABEEL', class: 'U5', rollNo: 'N/A' },\r\n            { id: 171, name: 'SHAFEE ALAM', class: 'U5', rollNo: 'N/A' },\r\n            { id: 172, name: 'MO ASGAR ALI', class: 'U5', rollNo: 'U1390' },\r\n            { id: 173, name: 'ABU TALIB', class: 'U5', rollNo: 'U1341' },\r\n            { id: 174, name: 'ZAID AHMED', class: 'U5', rollNo: 'U1386' },\r\n            { id: 175, name: 'MUHAMMAD SHOAIB ALAM', class: 'U5', rollNo: 'U1373' },\r\n            { id: 176, name: 'AHMED ISMAIL', class: 'U5', rollNo: 'U1398' },\r\n            { id: 177, name: 'MD AAFTAB', class: 'U5', rollNo: 'U1303' },\r\n            { id: 178, name: 'MUHAMMED IMRAN RAIN', class: 'U5', rollNo: 'U1379' },\r\n            { id: 179, name: 'MOHAMMED RAHIL', class: 'U5', rollNo: 'U1311' },\r\n            { id: 180, name: 'MD RAIHAN RAJA NOORI', class: 'U5', rollNo: 'U1320' },\r\n            { id: 181, name: 'AHMAD RAZA', class: 'U5', rollNo: 'U1339' },\r\n            { id: 182, name: 'S SALMAN FARIS', class: 'U5', rollNo: 'U1396' },\r\n            // U6 - Senior Secondary First Year\r\n            { id: 183, name: 'MOHD ATAULLAH', class: 'U6', rollNo: 'U1270' },\r\n            { id: 184, name: 'ABDUL SADIQ', class: 'U6', rollNo: 'N/A' },\r\n            { id: 185, name: 'JAHID AKHATAR', class: 'U6', rollNo: 'U1313' },\r\n            { id: 186, name: 'JUNAID AKHTAR', class: 'U6', rollNo: 'N/A' },\r\n            { id: 187, name: 'MOHAMMAD REHAN', class: 'U6', rollNo: 'U1242' },\r\n            { id: 188, name: 'MOHAMMAD ZAID MULTANI', class: 'U6', rollNo: 'U1314' },\r\n            { id: 189, name: 'MUNAWWAR', class: 'U6', rollNo: 'N/A' },\r\n            { id: 190, name: 'AYAN KHAN', class: 'U6', rollNo: 'U1352' },\r\n            { id: 191, name: 'MD MANAJRUL HAQUE', class: 'U6', rollNo: 'U1330' },\r\n            { id: 192, name: 'FAIZAN', class: 'U6', rollNo: 'U1304' },\r\n            { id: 193, name: 'DILSHAD ANSARI', class: 'U6', rollNo: 'U1345' },\r\n            { id: 194, name: 'HASAN WASEEM', class: 'U6', rollNo: 'U1273' },\r\n            { id: 195, name: 'MUZAKKIR', class: 'U6', rollNo: 'U1315' },\r\n            { id: 196, name: 'MOHD SHAHBAZ', class: 'U6', rollNo: 'U1251' },\r\n            { id: 197, name: 'MD SADDAM HUSAIN', class: 'U6', rollNo: 'U1317' },\r\n            { id: 198, name: 'SADAN', class: 'U6', rollNo: 'N/A' },\r\n            { id: 199, name: 'NASIR HUSSAIN', class: 'U6', rollNo: 'U1248' },\r\n            { id: 200, name: 'MD REHAN RAZA', class: 'U6', rollNo: 'U1286' },\r\n            // U7 - Senior Secondary Final Year\r\n            { id: 201, name: 'HASAN RAZA', class: 'U7', rollNo: 'U1169' },\r\n            { id: 202, name: 'MD SABIR', class: 'U7', rollNo: 'U1678' },\r\n            { id: 203, name: 'SUFIYAN AHMED RAZA', class: 'U7', rollNo: 'U1260' },\r\n            { id: 204, name: 'MD. ACHHE MIYAN', class: 'U7', rollNo: 'U1197' },\r\n            { id: 205, name: 'GULAM DASTAGIR', class: 'U7', rollNo: 'U1268' },\r\n            { id: 206, name: 'MOHD SAHIL', class: 'U7', rollNo: 'N/A' },\r\n            { id: 207, name: 'MOHD FAISAL', class: 'U7', rollNo: 'N/A' },\r\n            { id: 208, name: 'SADAF ZIYA', class: 'U7', rollNo: 'U1275' },\r\n            { id: 209, name: 'MD SHAMSHAD', class: 'U7', rollNo: 'U1201' },\r\n            { id: 210, name: 'HANZALA MAQSOOM', class: 'U7', rollNo: 'U1161' },\r\n            { id: 211, name: 'MOHAMMED ZEESHAN SHAIKH', class: 'U7', rollNo: 'U1277' },\r\n            { id: 212, name: 'MD MOSAHEB ALI', class: 'U7', rollNo: 'U1210' },\r\n            { id: 213, name: 'REHAN AHMED', class: 'U7', rollNo: 'U1674' },\r\n            { id: 214, name: 'MD ZAID RAZA', class: 'U7', rollNo: 'U1237' },\r\n            { id: 215, name: 'ABBU SHAHMA', class: 'U7', rollNo: 'U1278' },\r\n            { id: 216, name: 'MD FIROZ ALAM', class: 'U7', rollNo: 'U1249' },\r\n            { id: 217, name: 'AFRAN SHEIKH', class: 'U7', rollNo: 'U1676' },\r\n            { id: 218, name: 'ULFATH HUUSSAIN', class: 'U7', rollNo: 'U1679' },\r\n            { id: 219, name: 'KAUNAIN', class: 'U7', rollNo: 'U1675' },\r\n            { id: 220, name: 'TOSIF ANSARI', class: 'U7', rollNo: 'U1274' },\r\n            { id: 221, name: 'MOHAMMAD SIBGATULLAH', class: 'U7', rollNo: 'N/A' },\r\n            { id: 222, name: 'THAJUDHEEN', class: 'U7', rollNo: 'U1207' },\r\n            { id: 223, name: 'ASJAD RAZA', class: 'U7', rollNo: 'U1283' },\r\n            { id: 224, name: 'ARSALAN', class: 'U7', rollNo: 'U1677' }\r\n        ];\r\n\r\n        // Login Function\r\n        function login() {\r\n            const username = document.getElementById('username').value;\r\n            const password = document.getElementById('password').value;\r\n            const errorDiv = document.getElementById('loginError');\r\n            \r\n            const user = users.find(u => u.username === username && u.password === password);\r\n            \r\n            if (user) {\r\n                currentUser = user;\r\n                errorDiv.classList.add('hidden');\r\n                document.getElementById('loginScreen').classList.add('hidden');\r\n                \r\n                if (user.role === 'admin') {\r\n                    showAdminPanel();\r\n                } else if (user.role === 'teacher') {\r\n                    showTeacherPanel();\r\n                } else if (user.role === 'security') {\r\n                    showSecurityPanel();\r\n                }\r\n            } else {\r\n                errorDiv.textContent = 'Invalid username or password';\r\n                errorDiv.classList.remove('hidden');\r\n            }\r\n        }\r\n\r\n        // Logout Function\r\n        function logout() {\r\n            currentUser = null;\r\n            document.getElementById('adminPanel').classList.add('hidden');\r\n            document.getElementById('teacherPanel').classList.add('hidden');\r\n            document.getElementById('securityPanel').classList.add('hidden');\r\n            document.getElementById('loginScreen').classList.remove('hidden');\r\n            document.getElementById('username').value = '';\r\n            document.getElementById('password').value = '';\r\n        }\r\n\r\n        // Admin Panel Functions\r\n        function showAdminPanel() {\r\n            document.getElementById('adminPanel').classList.remove('hidden');\r\n            document.getElementById('adminUser').textContent = 'Welcome, ' + currentUser.name;\r\n            updateAdminStats();\r\n            renderUsersTable();\r\n        }\r\n\r\n        function updateAdminStats() {\r\n            document.getElementById('totalUsers').textContent = users.length;\r\n            document.getElementById('totalPasses').textContent = passes.length;\r\n            document.getElementById('approvedPasses').textContent = passes.filter(p => p.status === 'approved').length;\r\n        }\r\n\r\n        function toggleAddUser() {\r\n            document.getElementById('addUserForm').classList.toggle('hidden');\r\n        }\r\n\r\n        function addUser() {\r\n            const name = document.getElementById('newName').value;\r\n            const username = document.getElementById('newUsername').value;\r\n            const password = document.getElementById('newPassword').value;\r\n            const role = document.getElementById('newRole').value;\r\n            \r\n            if (!name || !username || !password) {\r\n                alert('Please fill all fields');\r\n                return;\r\n            }\r\n            \r\n            const id = users.length + 1;\r\n            users.push({ id, name, username, password, role });\r\n            \r\n            document.getElementById('newName').value = '';\r\n            document.getElementById('newUsername').value = '';\r\n            document.getElementById('newPassword').value = '';\r\n            document.getElementById('newRole').value = 'teacher';\r\n            \r\n            toggleAddUser();\r\n            renderUsersTable();\r\n            updateAdminStats();\r\n        }\r\n\r\n        function deleteUser(id) {\r\n            if (id === 1) {\r\n                alert('Cannot delete main admin account');\r\n                return;\r\n            }\r\n            if (confirm('Are you sure you want to delete this user?')) {\r\n                users = users.filter(u => u.id !== id);\r\n                renderUsersTable();\r\n                updateAdminStats();\r\n            }\r\n        }\r\n\r\n        function renderUsersTable() {\r\n            const tbody = document.getElementById('usersTable');\r\n            tbody.innerHTML = users.map(user => `\r\n                <tr>\r\n                    <td>${user.name}</td>\r\n                    <td>${user.username}</td>\r\n                    <td><span class=\"badge badge-${user.role}\">${user.role}</span></td>\r\n                    <td><button class=\"link-btn\" onclick=\"deleteUser(${user.id})\" ${user.id === 1 ? 'disabled' : ''}>Delete</button></td>\r\n                </tr>\r\n            `).join('');\r\n        }\r\n\r\n        // Teacher Panel Functions\r\n        function showTeacherPanel() {\r\n            document.getElementById('teacherPanel').classList.remove('hidden');\r\n            document.getElementById('teacherUser').textContent = 'Welcome, ' + currentUser.name;\r\n            populateStudentSelect();\r\n            renderTeacherPasses();\r\n        }\r\n\r\n        function populateStudentSelect() {\r\n            const select = document.getElementById('studentSelect');\r\n            select.innerHTML = '<option value=\"\">Choose a student</option>' +\r\n                students.map(s => `<option value=\"${s.id}\">${s.name} - ${s.class} (Roll: ${s.rollNo})</option>`).join('');\r\n        }\r\n\r\n        function filterStudentsByClass() {\r\n            const classFilter = document.getElementById('classSelect').value;\r\n            const select = document.getElementById('studentSelect');\r\n            \r\n            if (classFilter === '') {\r\n                select.innerHTML = '<option value=\"\">Choose a student</option>' +\r\n                    students.map(s => `<option value=\"${s.id}\">${s.name} - ${s.class} (Roll: ${s.rollNo})</option>`).join('');\r\n            } else {\r\n                const filteredStudents = students.filter(s => s.class === classFilter);\r\n                select.innerHTML = '<option value=\"\">Choose a student</option>' +\r\n                    filteredStudents.map(s => `<option value=\"${s.id}\">${s.name} - ${s.class} (Roll: ${s.rollNo})</option>`).join('');\r\n            }\r\n        }\r\n\r\n        function toggleCreatePass() {\r\n            document.getElementById('createPassForm').classList.toggle('hidden');\r\n        }\r\n\r\n        function createPass() {\r\n            const studentId = document.getElementById('studentSelect').value;\r\n            const reason = document.getElementById('passReason').value;\r\n            const destination = document.getElementById('passDestination').value;\r\n            const outTime = document.getElementById('passOutTime').value;\r\n            const returnTime = document.getElementById('passReturnTime').value;\r\n            \r\n            if (!studentId || !reason || !destination || !outTime || !returnTime) {\r\n                alert('Please fill all fields');\r\n                return;\r\n            }\r\n            \r\n            const student = students.find(s => s.id === parseInt(studentId));\r\n            const pass = {\r\n                id: passes.length + 1,\r\n                student: student,\r\n                reason: reason,\r\n                destination: destination,\r\n                outTime: outTime,\r\n                returnTime: returnTime,\r\n                status: 'approved',\r\n                checkoutStatus: 'pending',\r\n                checkoutTime: null,\r\n                checkinTime: null,\r\n                createdBy: currentUser.name,\r\n                createdAt: new Date().toLocaleString()\r\n            };\r\n            \r\n            passes.push(pass);\r\n            \r\n            document.getElementById('classSelect').value = '';\r\n            document.getElementById('studentSelect').value = '';\r\n            document.getElementById('passReason').value = '';\r\n            document.getElementById('passDestination').value = '';\r\n            document.getElementById('passOutTime').value = '';\r\n            document.getElementById('passReturnTime').value = '';\r\n            \r\n            toggleCreatePass();\r\n            renderTeacherPasses();\r\n            alert('Pass created and approved successfully!');\r\n        }\r\n\r\n        function renderTeacherPasses() {\r\n            const myPasses = passes.filter(p => p.createdBy === currentUser.name);\r\n            const container = document.getElementById('teacherPasses');\r\n            \r\n            if (myPasses.length === 0) {\r\n                container.innerHTML = '<div class=\"empty-state\"><div class=\"empty-icon\">📋</div><p>No passes created yet</p></div>';\r\n            } else {\r\n                container.innerHTML = myPasses.map(pass => `\r\n                    <div class=\"pass-card approved\">\r\n                        <div class=\"pass-header\">\r\n                            <div>\r\n                                <div class=\"pass-student\">${pass.student.name}</div>\r\n                                <div class=\"pass-class\">${pass.student.class} - Roll No: ${pass.student.rollNo}</div>\r\n                            </div>\r\n                            <span class=\"badge ${\r\n                                pass.checkoutStatus === 'checkedin' ? 'badge-checkedin' :\r\n                                pass.checkoutStatus === 'checkedout' ? 'badge-checkedout' :\r\n                                'badge-approved'\r\n                            }\">\r\n                                ${pass.checkoutStatus === 'checkedin' ? 'Checked In' :\r\n                                  pass.checkoutStatus === 'checkedout' ? 'Checked Out' :\r\n                                  'Approved'}\r\n                            </span>\r\n                        </div>\r\n                        <div class=\"pass-details\">\r\n                            <strong>Reason:</strong> ${pass.reason}<br>\r\n                            <strong>Destination:</strong> ${pass.destination}<br>\r\n                            <strong>Out Time:</strong> ${new Date(pass.outTime).toLocaleString()}<br>\r\n                            <strong>Expected Return:</strong> ${new Date(pass.returnTime).toLocaleString()}<br>\r\n                            ${pass.checkoutTime ? `<strong>Checked Out At:</strong> ${pass.checkoutTime}<br>` : ''}\r\n                            ${pass.checkinTime ? `<strong>Checked In At:</strong> ${pass.checkinTime}<br>` : ''}\r\n                            <strong>Created:</strong> ${pass.createdAt}\r\n                        </div>\r\n                    </div>\r\n                `).join('');\r\n            }\r\n        }\r\n\r\n        // Security Panel Functions\r\n        function showSecurityPanel() {\r\n            document.getElementById('securityPanel').classList.remove('hidden');\r\n            document.getElementById('securityUser').textContent = 'Welcome, ' + currentUser.name;\r\n            renderSecurityPasses();\r\n        }\r\n\r\n        function checkOut(passId) {\r\n            const pass = passes.find(p => p.id === passId);\r\n            if (pass) {\r\n                pass.checkoutStatus = 'checkedout';\r\n                pass.checkoutTime = new Date().toLocaleString();\r\n                renderSecurityPasses();\r\n            }\r\n        }\r\n\r\n        function checkIn(passId) {\r\n            const pass = passes.find(p => p.id === passId);\r\n            if (pass) {\r\n                pass.checkoutStatus = 'checkedin';\r\n                pass.checkinTime = new Date().toLocaleString();\r\n                renderSecurityPasses();\r\n            }\r\n        }\r\n\r\n        function renderSecurityPasses() {\r\n            const classFilter = document.getElementById('securityClassFilter').value;\r\n            let approvedPasses = passes.filter(p => p.status === 'approved');\r\n            \r\n            // Filter by class if selected\r\n            if (classFilter) {\r\n                approvedPasses = approvedPasses.filter(p => p.student.class === classFilter);\r\n            }\r\n            \r\n            const container = document.getElementById('securityPasses');\r\n            document.getElementById('activePassesCount').textContent = approvedPasses.length;\r\n            \r\n            if (approvedPasses.length === 0) {\r\n                container.innerHTML = '<div class=\"empty-state\"><div class=\"empty-icon\">🕐</div><p>No approved passes at the moment</p></div>';\r\n            } else {\r\n                container.innerHTML = approvedPasses.map(pass => `\r\n                    <div class=\"pass-card approved\">\r\n                        <div class=\"pass-header\">\r\n                            <div>\r\n                                <div class=\"pass-student\">${pass.student.name}</div>\r\n                                <div class=\"pass-class\">${pass.student.class} - Roll No: ${pass.student.rollNo}</div>\r\n                            </div>\r\n                            <span class=\"badge ${\r\n                                pass.checkoutStatus === 'checkedin' ? 'badge-checkedin' :\r\n                                pass.checkoutStatus === 'checkedout' ? 'badge-checkedout' :\r\n                                'badge-approved'\r\n                            }\">\r\n                                ${pass.checkoutStatus === 'checkedin' ? 'Checked In' :\r\n                                  pass.checkoutStatus === 'checkedout' ? 'Checked Out' :\r\n                                  'Pending'}\r\n                            </span>\r\n                        </div>\r\n                        <div class=\"pass-details\">\r\n                            <strong>Reason:</strong> ${pass.reason}<br>\r\n                            <strong>Destination:</strong> ${pass.destination}<br>\r\n                            <strong>Out Time:</strong> ${new Date(pass.outTime).toLocaleString()}<br>\r\n                            <strong>Expected Return:</strong> ${new Date(pass.returnTime).toLocaleString()}<br>\r\n                            ${pass.checkoutTime ? `<strong>Checked Out At:</strong> ${pass.checkoutTime}<br>` : ''}\r\n                            ${pass.checkinTime ? `<strong>Checked In At:</strong> ${pass.checkinTime}<br>` : ''}\r\n                            <strong>Approved by:</strong> ${pass.createdBy}<br>\r\n                            <strong>Created:</strong> ${pass.createdAt}\r\n                        </div>\r\n                        <div style=\"margin-top: 15px; display: flex; gap: 10px;\">\r\n                            ${pass.checkoutStatus === 'pending' ? \r\n                                `<button class=\"btn btn-primary btn-small\" onclick=\"checkOut(${pass.id})\" style=\"flex: 1;\">Check Out</button>` :\r\n                              pass.checkoutStatus === 'checkedout' ?\r\n                                `<button class=\"btn btn-success btn-small\" onclick=\"checkIn(${pass.id})\" style=\"flex: 1;\">Check In</button>` :\r\n                                `<span style=\"color: #10b981; font-weight: 600;\">✓ Completed</span>`\r\n                            }\r\n                        </div>\r\n                    </div>\r\n                `).join('');\r\n            }\r\n        }\r\n\r\n        // Enter key support for login\r\n        document.addEventListener('DOMContentLoaded', function() {\r\n            document.getElementById('password').addEventListener('keypress', function(e) {\r\n                if (e.key === 'Enter') {\r\n                    login();\r\n                }\r\n            });\r\n        });\r\n    </script>\r\n</body>\r\n</html>80\r\n"
  },
  "style": {
    "language": "css",
    "content": ""
  },
  "script": {
    "language": "javascript",
    "content": ""
  },
  "stylesheets": [],
  "scripts": [],
  "cssPreset": "",
  "imports": {},
  "types": {},
  "tests": {
    "language": "typescript",
    "content": ""
  },
  "tools": {
    "enabled": "all",
    "active": "console",
    "status": "closed"
  },
  "zoom": 1,
  "processors": [],
  "customSettings": {},
  "useTabs": false,
  "tabSize": 2,
  "lineNumbers": true,
  "wordWrap": false,
  "closeBrackets": true,
  "foldRegions": false,
  "semicolons": true,
  "singleQuote": false,
  "trailingComma": true,
  "emmet": true,
  "enableAI": false,
  "version": "47"
}